OBJECTID,Census_Tract,EHD_Rank,SHAPE_Length,SHAPE_Area
1,53053062000,10,9852.89726006332,4550107.83811024
2,53053071601,10,12777.8206306571,8723991.48474217
3,53053073111,7,14200.8870723497,8057220.76774044
4,53053940007,10,10220.3977913778,5453214.80028877
5,53053940006,10,8624.02485565351,3954283.83383151
6,53053073116,3,25342.6688253884,34719611.4268366
7,53053072800,3,38988.3136534855,50699567.0933972
8,53053072107,5,14541.0468525272,10913592.1445211
9,53053071703,9,9709.50276852536,1993701.3475191
10,53053073113,7,31969.3153060928,39864826.3039288
11,53053072506,2,35572.9310877208,60040408.0763092
12,53053071411,7,14029.5031398416,7281971.01752309
13,53053071410,7,18707.3182931883,12641622.7429031
14,53053072308,5,32424.8613942969,36741195.7561344
15,53053940010,7,29463.2795192637,19857076.0043522
16,53053071409,8,10111.7816394469,4585684.03038269
17,53053073302,8,16171.6623071993,6656507.53974302
18,53053071803,9,17886.2026648459,9957856.6024142
19,53053073115,5,17207.7309330674,14750328.7874605
20,53053072106,9,12512.941123608,7363257.09806408
21,53053072105,6,15871.5064275995,10141232.5473797
22,53053062600,10,28138.6567486108,15067400.9116689
23,53053073200,2,190464.187995669,1195569293.76493
24,53053072410,2,38541.0905862823,83382798.9076122
25,53053073110,5,17871.3344788109,12530020.4007459
26,53053073108,7,21638.6297137037,21354489.6054772
27,53053071902,9,24635.8988984483,19594364.7965394
28,53053072307,6,10566.3034105964,4232697.86691792
29,53053072311,7,11888.7805113334,5311843.15974321
30,53053072109,1,27357.3563969238,31577297.9464711
31,53053072407,6,27309.7510307915,20689665.8405067
32,53053073001,3,53617.5562662215,140209609.113031
33,53053070100,3,351469.482193838,4102420406.22227
34,53053073006,2,84043.3805601148,260700619.247259
35,53053070206,4,62629.7415289888,85035356.0422476
36,53053071506,7,16361.6131512031,8488470.95061424
37,53053071504,10,9813.22114457555,5729191.96095021
38,53053070309,4,28654.1866565915,25072615.8209362
39,53053063501,10,8148.86772532351,4159530.1983012
40,53053071901,10,16531.9309250188,9024736.98328592
41,53053062900,10,14993.2771209506,6456321.80173361
42,53053063000,9,11129.6720925437,4773370.39059584
43,53053070401,8,27120.3128887184,21058363.6934007
44,53053063502,9,8302.29591944765,4190046.93100771
45,53053072405,1,41059.5141905301,59120163.7080643
46,53053061200,9,8061.74487498966,4100678.66786921
47,53053073404,7,16235.6084245055,13854180.0539481
48,53053073005,3,45331.6722086311,115732835.476813
49,53053072504,5,38498.8467027225,49287043.0429279
50,53053072309,5,17387.928530263,11976540.7977108
51,53053060300,6,24584.0587488714,33426964.7845845
52,53053071706,10,12161.9441905248,3507844.61917741
53,53053071705,9,9905.97940427222,5167034.15070037
54,53053071704,9,8191.38047794239,2924604.00190112
55,53053072408,5,30901.2614942217,44391573.267819
56,53053071403,8,14767.314606415,13153813.9227924
57,53053070207,2,41358.7857844632,72122111.3806902
58,53053071209,6,9859.02582418176,5026346.32389991
59,53053072406,4,28062.2321329893,36507999.9148638
60,53053061601,10,6923.12578189966,1652068.23920723
61,53053061800,10,7469.54712195046,2997811.27301161
62,53053072603,4,85760.7046908136,428547618.844994
63,53053072602,1,65244.9142408329,178975342.061537
64,53053072601,2,43258.8168389875,102684412.343127
65,53053061500,10,8042.86973723233,2542332.90724443
66,53053072503,3,29083.3126878968,49329462.7669294
67,53053061300,10,7926.90931601343,3415667.08661229
68,53053061700,10,10789.3206278716,5735477.14210215
69,53053070307,4,58424.114529663,62424333.7531828
70,53053061602,10,8240.25259462637,2292559.2346096
71,53053070308,5,13175.0605589135,7117790.62401615
72,53053072305,6,14266.077299125,8814863.0184029
73,53053062801,10,18018.6933028124,8204598.30623198
74,53053071210,6,23279.111255594,18777350.0109775
75,53053071307,7,14209.4851978011,11276494.3859235
76,53053062802,10,12308.5347288775,6496362.33395432
77,53053063400,9,11799.3399632386,8352134.85349893
78,53053072108,8,14228.8867548717,9049459.50040735
79,53053071408,6,11899.3725559784,6309152.73605622
80,53053073114,6,23505.5134402622,14894279.4084081
81,53053071503,9,18623.7219687287,12319996.3478443
82,53053061400,10,6112.952925313,2010508.4265217
83,53053940002,9,30669.3423613697,29395971.5350877
84,53053072313,5,11058.9798925471,5542531.19025598
85,53053071806,10,10776.8459815753,3686849.1061626
86,53053062500,10,9997.04703851873,6284471.45675455
87,53053072111,5,10411.3876198748,4211380.88710673
88,53053072112,6,15052.1711483697,5205777.03420231
89,53053940011,5,22673.8433939054,8146942.02204816
90,53053071805,10,8194.83886097882,2916760.39335059
91,53053060600,5,21722.0299239839,14923152.4485675
92,53053061100,8,13811.4512126446,9532814.37941989
93,53053072312,7,11247.7901270085,5349471.85636253
94,53053071808,10,8452.43555273014,4486178.4295078
95,53053071807,10,16490.8111911665,9172560.62556417
96,53053073123,6,29410.5480896531,20850784.4296836
97,53053070404,4,26638.1785648629,11299527.8097751
98,53053070403,3,40352.056051635,30653432.6745538
99,53053070313,6,30918.5453294324,30276882.670894
100,53053070314,1,18067.5979083648,12514564.5461029
101,53053070315,3,25512.9080682177,21387382.0341805
102,53053070316,5,12526.6860104286,7547587.69323045
103,53053073125,7,21162.5368166333,13487347.6248455
104,53053072903,8,43582.8491675748,66665323.2853912
105,53053071407,6,19416.7161648613,18181500.5796981
106,53053060800,2,10056.8346754542,5606366.22396582
107,53053073119,2,81676.6386903019,214226533.452086
108,53053072507,2,18598.3623557057,12467990.4419701
109,53053072409,2,19924.3605550877,18343273.7264844
110,53053071406,7,29378.0709580966,35491800.2110115
111,53053073126,7,7364.23644485811,3026599.70323492
112,53053073408,8,13703.4765346318,5983623.13234223
113,53053073406,9,17862.3647986762,9573885.69698942
114,53053073121,7,10495.6367197705,6145574.70756987
115,53053071310,6,17078.8716439073,14041469.8675596
116,53053071309,7,19222.8714879968,8921411.25536753
117,53053072906,3,148919.521826167,497402473.340812
118,53053940004,8,30982.3797535683,39038981.9733118
119,53053071206,8,19207.29157169,17059980.8775434
120,53053062300,10,10006.4476272407,5320311.60386677
121,53053060200,10,37577.2592550931,54070386.7211978
122,53053060904,7,9419.88977598694,4231477.59277574
123,53053061002,8,11252.7156672905,6547346.36974484
124,53053061001,6,14056.5538733983,9946764.71886395
125,53053070312,4,21716.092782505,17999134.2259208
126,53053940003,9,13888.8350778801,9130285.0841684
127,53053073120,7,14335.0674855813,7158951.7288755
128,53053073122,6,17351.5570726528,10857016.5048298
129,53053073405,10,12539.5876722447,6428975.08253019
130,53053073407,8,11429.2930139381,5227122.40211908
131,53053073124,6,13488.0161569577,8439253.79756546
132,53053070703,7,17511.6390596752,12688809.0059072
133,53053071306,6,25663.4008007467,26419030.1711365
134,53053073301,9,29415.5998382873,32112660.8372939
135,53053060700,6,8579.35368240232,4569931.42202477
136,53053072310,8,11249.4430465626,4549569.34153342
137,53053072000,9,18513.4901767891,6821589.48706719
138,53053073118,3,41554.6757151608,67035580.7094511
139,53053072905,8,18580.6456534902,12544794.6977036
140,53053072907,6,30442.57420365,34931295.2341766
141,53053073500,6,25992.328813543,35515471.2398123
142,53053061900,10,6015.41533156758,2253753.25964783
143,53053070310,5,17586.1950049315,12251767.818581
144,53053072901,9,38508.347931123,39385953.2356858
145,53053071602,9,15623.8440984899,10146663.549955
146,53053071305,9,20623.3653276598,21532553.2423187
147,53053073117,3,50187.9475685313,106598470.725191
148,53053072505,1,30307.227552868,47219082.8810092
149,53053940005,8,18143.0536090945,9258304.10443999
150,53053060500,2,12133.2160014636,6047428.00964659
151,53053060905,7,12068.6039277645,8738544.15981027
152,53053060906,5,7700.61402656339,3423829.54679382
153,53053060903,4,11472.8223133993,8156623.25195769
154,53053060400,4,17092.030461864,14151614.5513943
155,53053063100,10,9475.28397402559,5299361.0565708
156,53053070205,3,26414.1660485273,41611122.1454628
157,53053071207,8,15675.5292495117,10571753.2824718
158,53053063200,10,9097.45535842109,5111785.24180247
159,53053071505,8,15267.9329215881,9710292.66142626
160,53053070311,2,16505.741258328,10779118.2445389
161,53053940009,8,18653.7354926018,17105742.4930682
162,53053940008,6,13430.9828586034,6635669.14546554
163,53053070204,4,17902.8526304894,11317416.5216936
164,53053071304,7,16799.9334113394,11608625.4778482
165,53053071707,10,7590.51246188455,2743547.31423524
166,53053070203,2,38100.551776586,77835267.3780495
167,53053071100,7,15784.1455075161,14090559.4412941
168,53053940001,5,42106.8805521589,35745069.8054292
169,53053071205,6,19272.2323277124,16935319.0885955
170,53053071208,8,13197.5173523338,7970866.8198476
171,53053062400,8,9413.22042544068,4910039.88158172
172,53061041810,8,6742.9344414772,1985112.30614743
173,53061051924,6,11562.0361487345,5886940.94424707
174,53061051922,3,16289.0487665263,8442257.83122539
175,53061051921,7,11843.6940056266,5437719.52773427
176,53061051926,7,19134.7984110098,18789975.7504667
177,53061052115,3,10868.085038667,6787457.5195178
178,53061052114,1,18854.259471032,14449754.535356
179,53061052209,4,26744.3179130145,19175203.570314
180,53061052709,3,30491.0819028533,45109970.6845709
181,53061053604,1,50876.0531253109,36017805.6368557
182,53061053603,2,54676.1857713293,92715609.5067815
183,53061052906,8,10309.0462735156,5413316.43205721
184,53061053508,6,35211.6319909746,33704883.0992549
185,53061052905,8,10756.9060516776,4649140.43277346
186,53061041809,8,7395.91864423884,2398791.37527304
187,53061051928,6,10406.0482898361,5107083.23632924
188,53061041303,7,14450.3893094406,8463466.91727982
189,53061051923,3,15621.0714595336,8247271.40539391
190,53061051925,8,19756.9999612824,17800675.8813508
191,53061052208,6,12821.0682480955,4613432.08976213
192,53061052708,2,10846.9362355222,7072911.31359886
193,53061053507,1,14443.4990375306,10714345.445525
194,53061053509,6,20762.6709173086,18941700.6666149
195,53061040500,8,10662.0729539052,4485937.62571882
196,53061052003,3,17877.9426491714,13056022.2877551
197,53061052118,2,32494.1407296659,24948846.5771046
198,53061990100,1,26892.6177318035,29652739.4423723
199,53077001701,8,248315.044947122,2191316920.27007
200,53077001400,9,17445.6928232901,11713843.2701309
201,53077000700,10,11002.3206421518,6202401.70635118
202,53077940002,9,150032.028645363,488637746.156391
203,53077002200,8,117592.938735249,436985766.550802
204,53077001100,6,22146.2778127363,26943691.8690819
205,53077002900,6,134221.816655651,452206177.162218
206,53077002002,7,23498.9191462509,19611627.8157225
207,53077001000,8,11702.1650367088,5505173.05896726
208,53077002001,7,23051.6834044815,18147855.2989022
209,53077000200,10,15517.3844274058,7544564.85027441
210,53077001800,7,174049.526676892,518496738.952756
211,53077000100,10,20243.0420175907,6230963.02370229
212,53077940003,8,609139.951402475,9676787789.92467
213,53077940001,9,151474.388983806,641990270.155571
214,53077002701,5,146841.550572262,812379267.362843
215,53077003100,4,84810.9410373547,141564272.632112
216,53077940004,10,20061.9123204757,17619784.6584813
217,53077000800,6,11705.9209791701,5466729.55483182
218,53077000400,7,26285.564229068,22494222.1199695
219,53077001300,10,20828.1390411327,17120352.4049766
220,53077003200,8,24917.7546029292,23223797.8176042
221,53077000300,9,15876.5311422785,10915156.5613138
222,53077000600,10,8003.85138495809,3241561.99644994
223,53077000500,9,11133.5736207235,5268695.10028094
224,53077001602,6,42956.811291293,46489215.768096
225,53077001501,10,11629.6346939975,6349209.65785519
226,53077001502,9,8850.82595308058,3566924.95143834
227,53077001202,10,9888.00604322401,5898269.18805564
228,53077001601,8,83078.983858547,163296071.121072
229,53077002802,7,54153.7488539397,63642740.8002639
230,53077000902,7,14152.2500519515,10435419.3167379
231,53077000901,6,16523.5926817055,12436107.0753871
232,53077002801,6,98137.4831882136,194388662.145557
233,53077003002,6,73419.3535227952,62154005.8399898
234,53077002102,9,102408.017311594,229522053.620984
235,53077002101,6,126549.658806723,405686752.99386
236,53077001902,8,16397.9802631395,10091794.0030733
237,53077940006,9,16077.6363513675,9462428.39424543
238,53077940005,9,15588.4123299254,10783959.8400283
239,53077001201,10,6979.68317210357,2691807.68477738
240,53077001901,7,18184.6059953838,11043486.2598629
241,53077003400,4,49092.1879129911,58714834.9990417
242,53077003001,5,576412.384399077,6471513727.49215
243,53077001702,8,73070.6651604822,176613349.909608
244,53035090700,1,33869.6251427781,49195536.3321879
245,53035090800,1,34664.7228622821,60942121.8323713
246,53035090900,1,20917.5876134529,23093463.5888863
247,53035091000,1,49714.3049944116,89170749.5891195
248,53035080101,4,10399.4858338065,5574012.43837929
249,53035080102,7,12412.2855278051,5836624.14341467
250,53035080200,7,9662.79226951111,5468730.56123571
251,53035080300,5,8125.5145099044,4121380.41292352
252,53035080400,2,20816.2317507773,14714400.7245132
253,53035080600,7,11690.8743650187,7070969.23210826
254,53035080700,6,19959.2540370081,14421514.9363716
255,53035092801,3,21850.3635391312,26261838.5622534
256,53035091204,2,14441.5590274231,10813005.8599517
257,53035091302,3,60015.5457952712,82588017.7603504
258,53035091400,3,25746.7378802186,28588846.4277338
259,53035091500,4,20019.5518923165,18556218.4490991
260,53035091600,3,14172.2947443942,11293972.7365347
261,53035091700,4,19989.107717593,22405105.2998245
262,53035091800,2,21138.1616932373,18893593.9606329
263,53035092000,5,121126.729459236,446235517.105436
264,53035080500,7,12153.9817788527,5600578.19734615
265,53035080900,7,30856.5147344971,32117636.4672322
266,53035081000,7,17710.6008321885,9341436.00176155
267,53035081100,6,9595.66482247936,3283885.39928556
268,53035081200,6,6154.17734763341,1921260.59040401
269,53035081400,3,12771.5029663192,8565494.18470113
270,53035091301,1,54557.9312576173,87075807.1299606
271,53035091201,2,18846.3778730661,14828396.8100847
272,53035091203,3,21781.8998861212,13779288.1228321
273,53035091900,5,21537.6948559081,13641369.2351233
274,53035090101,2,77436.3852858963,127945831.560478
275,53035090102,1,75356.4538024293,128663055.871885
276,53035092100,3,61163.1444940427,157661008.974483
277,53035092200,7,21881.9432136978,16999546.2115988
278,53035092400,3,15341.1062011075,13381552.2278515
279,53035092500,7,26354.1254319953,36087674.8052009
280,53007960500,3,306376.451615273,1821224688.12796
281,53007960600,4,31183.1755118197,20839661.2162704
282,53007960300,3,248830.433600005,1116828720.00162
283,53007960100,1,643212.470228089,7027924473.73579
284,53007960200,1,436603.880012347,5681270078.82499
285,53007961200,5,123089.280535571,697585115.928224
286,53007960400,2,90419.1892474867,347601522.110002
287,53007960700,2,120010.587741785,315243067.254157
288,53007961000,8,13766.925679124,7645744.2109494
289,53007961100,9,21473.3538928006,16599782.5672229
290,53007960802,6,18898.0280626941,17154148.1770074
291,53007961302,4,47107.4953706398,59578309.7648328
292,53007961301,4,36882.7138594736,36451084.8917059
293,53007960801,1,39125.9990572172,55070011.2163675
294,53035092600,1,32032.5597613712,36404879.5190934
295,53035092901,2,54192.2283897813,156051756.077399
296,53035092300,5,20400.6707207852,16316036.6453007
297,53035090300,3,41888.4161457591,70072815.008878
298,53035090400,5,46601.3416288193,51953892.0646658
299,53035940100,3,46971.6425286956,74063670.224935
300,53035940000,1,26049.5061980346,34859257.6513283
301,53035091100,1,39442.0670069141,65598171.4344338
302,53035080800,7,8487.06918222605,3716556.00353196
303,53035092802,3,36613.5807146514,62149699.9758703
304,53035092803,3,27219.6986190024,41084914.5951934
305,53035092902,3,41327.1897,60801603.6041614
306,53035090202,2,66231.229779727,129545751.675137
307,53035090502,2,22322.987699165,15547936.4513652
308,53035090201,1,33508.3874488548,40894978.2682693
309,53035090501,3,21966.8392329823,17933482.0775157
310,53035092704,1,43214.0544971182,55538435.4814239
311,53035092701,1,34524.557549929,55890393.3859306
312,53035990100,1,473971.915081263,622034077.940227
313,53043960100,1,18242.845919032,10884204.3472752
314,53043960200,3,318475.771001602,3158997303.55058
315,53043960400,3,385320.676997214,5828176442.71544
316,53043960300,2,306809.162400642,4307796875.35427
317,53051970100,1,336986.738908389,4049459524.18728
318,53051970200,4,296115.482744215,2819687724.08532
319,53051970300,3,60771.2078193595,213767632.524774
320,53051970400,4,161102.938986408,947644007.812123
321,53051970500,2,91393.2562101338,381121245.782892
322,53019940000,3,383468.455908541,6588769092.99772
323,53019970100,4,421519.854529898,4648086550.91493
324,53019970200,1,267550.604679794,2052764763.94058
325,53057951900,1,65256.9974884061,140468561.473994
326,53057950800,2,139090.878956852,445736484.642056
327,53057951600,4,50364.0287825336,77671949.4010454
328,53057951700,4,14759.0003811462,7719378.79227255
329,53057951800,8,24431.2501980251,23949551.2165445
330,53057951200,1,258125.636932481,1735070289.31106
331,53057951300,2,63587.0476007294,148033633.196613
332,53057952700,1,111314.908740055,379294918.878821
333,53057952100,6,67989.7449252136,200580569.453537
334,53057951000,2,153124.1187818,855581837.425951
335,53057952200,9,18990.5193712477,17433189.7589742
336,53057952600,5,45548.733949654,40973733.4539569
337,53057952500,5,13547.8433075463,4518852.99733113
338,53057950900,3,117791.012301776,372985892.641475
339,53057951400,2,26942.9688297243,23475414.2034169
340,53057951500,3,33793.1812465839,52820136.1065548
341,53057951100,2,457955.090623762,5384343246.96371
342,53057990100,1,449442.215156832,900148162.313396
343,53057952402,6,26921.810100499,26644823.2762006
344,53057952302,5,40033.339816153,33368354.4544514
345,53057952401,6,9010.46710522347,4109421.24128923
346,53057952301,4,9695.48650070924,5868613.44521348
347,53057950100,1,140043.225761887,148458335.138353
348,53057940200,1,18358.6678495406,11539858.168348
349,53057940300,2,81991.2050326417,125855968.157773
350,53057940400,1,39134.1010219722,33338278.6759124
351,53057940500,5,8961.64310241079,3254417.20706204
352,53057940600,8,22764.4946348802,20355319.4755802
353,53057940700,4,9728.1717154867,4005961.66264984
354,53057940800,3,61688.8631873024,81882288.9373185
355,53009002300,1,179811.020830991,646285124.831079
356,53009002100,1,18198.5347307072,8445480.68426377
357,53009001300,1,22147.6056818209,22349950.1154591
358,53009000300,1,76692.5291953321,132513296.848134
359,53009000800,5,13107.6986370368,7043723.48334986
360,53009001800,1,120486.707130945,493035292.023515
361,53009000700,5,50767.2633977835,27778383.0520403
362,53009001500,6,190606.662968032,1143166647.02903
363,53009000900,5,10992.6883150577,5207450.10813236
364,53009001400,1,79505.108913972,207304204.915973
365,53009001700,1,80850.3803234496,72558399.4211522
366,53009000600,1,344151.509654845,2434302148.27707
367,53009001200,5,17610.7378822303,14835314.4213672
368,53009002000,1,68734.5664748437,46396334.9911067
369,53009000200,1,352668.256079429,2161331291.28516
370,53009001900,1,70680.246700371,83597032.6322481
371,53009001100,4,29255.9206041082,24789555.886721
372,53009940000,1,115707.758718338,250528896.881548
373,53009001600,1,38827.7509354276,48401909.0160517
374,53045960400,3,100744.357833478,309229446.20257
375,53045961300,2,107797.319575286,399809173.676946
376,53045960200,2,322627.849017788,1380059220.73646
377,53045960600,3,61480.1689467624,110388524.066214
378,53045960700,4,11571.9639527229,4195794.48382297
379,53045960800,4,28898.435791571,32792835.2272541
380,53045960900,3,17779.5748069672,12258945.3229473
381,53045961000,2,82133.2551297936,149681021.930178
382,53045940000,1,40243.7120004543,47495679.033109
383,53045960500,1,100354.381625398,313139506.793158
384,53045961100,1,108885.504744196,351889008.836057
385,53045961200,1,81977.2092379186,159752053.20831
386,53045960300,2,106846.533683436,596874448.27447
387,53045960100,1,245648.251064473,2059598741.68358
388,53009001000,4,9650.54383689222,3987584.4852159
389,53009000400,1,400299.2986259,2383988536.26523
390,53009990100,1,958444.17624751,5286150255.06965
391,53011041008,5,9818.1114324665,5287809.1608125
392,53011041003,7,13046.1104372239,6994535.47953778
393,53011041005,9,64990.8263112458,120096492.310607
394,53011041105,8,13608.7051507533,9428377.81306858
395,53011041107,6,8412.17456206776,4160769.35429872
396,53011041323,9,8841.63153691075,4243762.85160604
397,53011040101,2,152685.958172902,724516831.063741
398,53011041325,4,17026.4725600687,11728845.7165315
399,53011040905,4,35563.8602094121,54158359.3238298
400,53011040908,6,13069.2950212332,8989089.04757712
401,53011040803,4,12372.7596789167,7731767.64689445
402,53011040907,1,17145.6750772095,11925530.1378113
403,53011041110,9,11653.1299546327,6343392.48738773
404,53011041007,10,9284.86584383094,4026845.40630675
405,53011041600,9,13260.694753493,5674829.33010538
406,53011040904,7,15224.5217942329,8652968.61162832
407,53011041201,8,14796.9772530459,9265198.8639663
408,53011041203,9,13763.1933922299,7991781.29482548
409,53011041206,8,10949.8724234673,6336667.21824481
410,53011041318,9,13550.4649797735,7096358.18224544
411,53011041321,6,14008.5348377605,8174744.35873011
412,53011041309,9,12635.8284076092,6125525.33353299
413,53011041310,6,15630.983610485,8390658.77791618
414,53011041700,10,7540.42656861679,2318222.94675931
415,53011041800,10,7141.89572777458,3068759.84397734
416,53011041900,8,8406.38391223851,2406581.55574021
417,53011042000,8,5670.35537728881,1428633.35870425
418,53011042100,7,6608.65270787205,2692907.18228808
419,53011042300,9,6419.09771729543,2461938.92043478
420,53011040302,1,59565.4774282704,134065533.364615
421,53011040910,2,17760.8349896017,14280158.1666815
422,53011040412,2,13505.1194714071,8077052.50458885
423,53011040414,5,23949.9981765097,26145628.9115254
424,53011040416,1,36028.5917736423,41453307.0946558
425,53011040413,6,16284.2039190358,13485293.2564209
426,53011040909,3,18489.0005513401,8651430.24237908
427,53011040511,2,79275.9964824696,176513728.663362
428,53011040710,4,34243.4205704849,57182458.8169836
429,53011040709,7,26113.926258999,23852908.317153
430,53011040712,4,10672.7765006425,5982429.2128281
431,53011041327,7,23354.8715684015,15111960.5042851
432,53011041333,9,7760.83548222032,2992528.46819161
433,53011040608,5,24374.5532893781,20849897.0335567
434,53011041328,5,17314.5415950354,11204755.9267514
435,53011041329,4,10687.7034798166,6523609.80524839
436,53011040808,7,13001.9325251477,7589762.7500279
437,53011040810,8,10260.3084723994,4590561.56453019
438,53011041011,6,13034.8668474944,7944411.31846775
439,53011041112,8,8860.74781888888,4617947.17791443
440,53003960100,2,255387.152629445,2809408531.96342
441,53003960200,3,160723.812085023,624642360.367089
442,53003960300,8,18420.0805651979,9752551.65222025
443,53003960500,6,9136.0347895301,3891060.49466345
444,53003960400,7,7896.92124097994,3336972.54481868
445,53003960600,3,17925.7064675451,10509884.9015177
446,53011041111,10,5879.6036512481,1578975.29239999
447,53011041331,8,7608.79376660161,2983976.89072485
448,53011041330,9,8355.02041844839,3760860.19249569
449,53011041326,7,10968.678169498,7130107.90317946
450,53011040707,7,10899.0411042341,3393364.52481382
451,53011040610,5,13094.7825639021,6222387.4607875
452,53011040609,5,13185.2504484462,6624014.41315566
453,53011042400,10,7329.24618088172,2997189.47841401
454,53011040809,8,10453.8332321717,4683294.57078588
455,53011041010,8,12198.6138920239,7324880.30625293
456,53011040409,2,19789.0079910428,16997297.9097837
457,53011040411,8,10531.6845418069,4203303.5055648
458,53011040711,7,8194.99434449482,4121057.51183228
459,53011040510,6,46638.6420989482,97161223.8279052
460,53011040301,4,37513.6251636594,60252804.4219128
461,53011040415,3,11669.6839030585,7395229.81708472
462,53011041332,7,8095.29551137328,3232791.31022523
463,53011042500,9,6853.97457213897,1916722.41593215
464,53011042600,10,22644.4359649878,18869124.043014
465,53011042700,10,6271.92851135225,2253561.9732565
466,53011042800,4,14414.0500027885,5018784.59453942
467,53011042900,9,7760.00678571122,3299993.58530886
468,53011043000,9,7418.41201394438,2689427.30952874
469,53011043100,8,13995.3741061437,6905417.40402108
470,53011040102,2,46775.5155325093,111023624.58576
471,53011040201,3,56013.7076168446,126753622.065313
472,53011040403,3,52189.1945972394,88212516.0355094
473,53011040603,4,58309.040468445,113831016.102175
474,53011041009,8,9181.7962428659,5002046.1917173
475,53011041108,7,11196.7768477192,6548820.81714011
476,53011041319,8,10961.663145028,6652736.52295692
477,53011041320,9,10457.1225273774,4549817.80733157
478,53021020800,4,282265.156866857,2522926731.95825
479,53021020700,9,364714.328427745,3036875069.26309
480,53011041322,9,9798.95648597685,4466281.1912526
481,53011041313,9,9393.76792475762,3729475.03064787
482,53011041312,6,9838.90721002737,5545432.79836035
483,53011040604,8,36099.5921148591,45232777.5526316
484,53011040408,4,33914.1754340235,41737694.8787101
485,53011040407,3,15077.8179133414,11788607.6959154
486,53011040505,2,46363.7236679449,81926937.6933437
487,53011040507,8,35874.4613532456,68710391.649176
488,53011040508,3,18779.8768341339,13309208.3354386
489,53011040509,7,13475.2445664704,5524026.26997569
490,53011040504,1,125724.652941133,400279591.744984
491,53011041400,6,29231.0034366229,26731844.5426915
492,53011041500,7,16745.928006321,9792561.55902213
493,53011040605,4,31772.0424424524,44423684.1837389
494,53011040202,1,65115.8969502031,145293979.293942
495,53011040203,4,69014.6711002224,126695416.722004
496,53021020501,3,22514.1522146841,24071716.2813413
497,53021020502,6,22420.7376953253,26741598.6528819
498,53021020100,9,47373.11262999,88958169.4161154
499,53021020601,6,171834.820722896,1141524079.83886
500,53021020200,10,10969.8380882991,5175056.81043489
501,53021020300,10,13564.5807464944,7591374.45252807
502,53021020400,10,15932.3812091379,10431000.0917383
503,53011040706,8,9954.6495012152,3872645.50586129
504,53011040805,4,24216.0297377837,26246187.1914453
505,53011041205,8,11956.0573373687,5024383.96013474
506,53011040703,6,13253.2386346091,9913643.6190862
507,53011041104,7,8889.9914298414,3914879.22003659
508,53011041317,9,11858.0270023991,6020502.60088408
509,53011040806,8,11322.8120980968,7161156.31207406
510,53021020606,4,24747.2473070139,22350547.9501459
511,53021020603,7,12045.1757304593,6334601.81666021
512,53021020605,5,20530.697903478,14944781.5861707
513,53021980100,1,16109.689497369,15054429.3832745
514,53039950100,3,508315.432958017,6941528179.25246
515,53039950200,4,256312.556045909,1910610614.98499
516,53039950300,2,209067.028911146,1319657940.0445
517,53037975402,7,22293.53074811,30663117.6040768
518,53037975100,2,375882.211074427,3960275111.10605
519,53037975500,8,34489.4448285255,35189313.5910208
520,53037975600,6,24973.6714409321,18137432.0730126
521,53037975700,5,236227.557517717,2322147228.96771
522,53037975200,5,412142.270107495,3322119898.76734
523,53037975300,2,291537.855184012,3344783462.2255
524,53037975401,6,15919.8598531468,13692784.393091
525,53067010200,5,17984.4800943624,14423784.4184316
526,53067010300,5,15702.3048927938,8546665.85663214
527,53067011100,5,23582.5283019748,19247728.4680894
528,53067012420,1,62556.3123824132,191019128.117261
529,53067011420,5,19100.25355716,13597218.9206165
530,53067012320,4,55874.7161200999,64680072.4691056
531,53067012000,3,53621.3493667685,84685094.3477841
532,53067012100,1,49967.067894705,98670148.7752834
533,53067011410,7,12223.749669928,5696900.90881688
534,53067011000,5,43775.5575160323,65542989.2902474
535,53041971000,5,27580.9328721942,21061684.5159585
536,53041970600,9,8718.50784831311,2656545.03483493
537,53041971200,2,104927.382691885,306375401.55936
538,53041971300,3,83988.0247564542,225390227.454736
539,53041971100,5,153981.772428957,750054842.585545
540,53041971800,1,396064.592882852,2389831967.85654
541,53041971900,2,265664.048930502,1198342272.57793
542,53041971700,2,247445.701716898,1466380222.94122
543,53041971400,3,64926.1908190724,116902383.747442
544,53041971600,3,126995.177443016,386119716.485466
545,53041972000,2,366475.977863103,3730954007.70191
546,53041971500,3,222803.201140534,1496139256.31645
547,53041970100,2,142371.457039145,958546990.043184
548,53041970200,4,80211.067577304,75304350.8441597
549,53041970300,8,29816.7662541057,32578625.8659261
550,53041970400,9,42014.444333856,76673034.4159668
551,53041970500,8,9985.29644514609,5387224.71145485
552,53041970700,9,35972.7213330877,27293236.939054
553,53041970800,8,54629.5260198862,80303891.8161131
554,53041970900,8,10375.7967242703,3968281.66892474
555,53015001900,3,144069.424926652,628483372.683679
556,53015002001,1,151400.160765341,480589153.295096
557,53015002002,2,119052.159106961,409432148.278676
558,53015001800,1,259839.712753218,2416536900.93853
559,53015001600,6,82367.2622896229,230987281.767978
560,53015000300,7,59838.3402034548,74952546.0704598
561,53015000400,6,9377.38593043677,4825344.90312041
562,53015000602,4,12784.4482593605,4815656.18373225
563,53015000702,6,11087.8183066877,6206236.67906397
564,53015000800,5,32753.7096511984,33570269.0746194
565,53015000900,5,24830.2849583085,29093038.9950104
566,53015001100,9,22640.4262725326,14920331.9431897
567,53015001200,6,34389.120691121,41764266.9600847
568,53015001300,7,22092.2674939785,21281877.2446459
569,53067011500,8,13205.743031512,9593236.06728417
570,53067012330,6,10781.4606074126,6827223.27289465
571,53067010910,6,18037.8553926932,13530254.0453984
572,53067010520,8,13389.5245759665,9255142.04416034
573,53067990100,1,74109.8421729286,57975715.6703629
574,53067012221,2,51998.9954770465,86454254.7289315
575,53067012212,7,20369.3202035756,21621124.9436349
576,53067011720,4,29669.4226312315,44555526.4415884
577,53067011822,3,45711.427875205,77857938.5177325
578,53067010920,8,22792.7391872002,20107690.3073203
579,53067012610,5,103146.895208827,281997451.166554
580,53067011821,4,41850.4055881342,73681544.9335816
581,53067012730,3,76048.0645304049,236709776.989454
582,53067012222,4,39593.4002834707,67592683.3000438
583,53067012211,4,30796.7308862603,42628690.2029098
584,53015001000,6,7348.5087879288,1742127.52353283
585,53015000501,8,6617.42401358796,2313180.83912708
586,53015000502,9,9155.75259238601,3060957.33084965
587,53015000601,6,6938.26090435815,2554920.10327836
588,53015001700,3,160802.584225858,820725616.495791
589,53015000704,6,17459.5872926778,13810184.1133334
590,53015001502,8,72888.7760536738,167609819.657508
591,53015001501,1,194436.90043133,873672286.978113
592,53015000703,6,16177.9364981026,10593364.2256377
593,53015002100,9,17531.828293022,8273737.0270809
594,53067011710,2,22965.1226934329,20498689.7911752
595,53067011621,6,13834.1728329811,9929090.13857217
596,53067011623,2,11126.9605515045,6526870.29736178
597,53067012720,7,57779.3219762263,168684918.785937
598,53067012620,5,82872.9207148768,333418514.08026
599,53067012412,3,33876.852868719,47240717.4001491
600,53067012520,4,122583.765761143,551654185.151093
601,53067012530,2,68852.8928228538,146607691.413424
602,53067012411,4,43382.3439299849,53484034.3032469
603,53067012510,2,118156.849738381,314478986.107801
604,53067012710,2,37936.9798869899,88775954.4239959
605,53067010510,7,10347.4808659555,5782411.44906574
606,53067011624,4,24452.7846892691,23650746.6991562
607,53067011622,3,10272.3608239793,5645214.04308026
608,53049950400,1,352393.213217653,3409120791.24638
609,53049950500,2,74184.0100022326,179052605.368364
610,53049950600,3,13940.8741512615,9212456.65803218
611,53049950700,1,51015.9597548504,109363064.407084
612,53049950800,2,92563.1240267207,316638123.757001
613,53049950200,2,190535.186359838,887003884.855714
614,53049950300,2,203148.816374341,1112289246.33241
615,53049990100,1,192797.290173173,674838649.555713
616,53067010100,5,17026.2772710239,10774069.5396943
617,53067011900,3,114080.81806298,345810684.975792
618,53067012310,5,26380.9473468295,28519886.8822569
619,53017950100,4,592652.581337508,4927124526.0788
620,53017950300,5,148727.823006666,422495519.122356
621,53017950400,4,26172.1534729209,26128430.3404434
622,53017950500,8,13696.455315108,5981627.54648286
623,53017950800,8,17911.6202683158,14265397.1705203
624,53067011200,6,18799.7372165117,14691956.8050407
625,53067010700,4,16733.1072550161,11361086.3392928
626,53067010800,7,33883.7785857227,35990988.8331981
627,53067011810,1,105887.476950593,406743377.94701
628,53067011610,5,22489.7677804389,20093180.1518618
629,53067010600,6,13555.7894375755,9763601.74366971
630,53067010400,4,14239.3279720148,9115867.05864005
631,53067011300,6,12293.2097923194,8260499.94682236
632,53017950600,3,17692.9398462354,12970529.5447865
633,53017950700,8,12474.3150126779,5754509.81623148
634,53017950200,4,465343.556847868,5164407502.16901
635,53073001201,6,12303.2855029951,5667941.10766765
636,53073010403,1,51576.978300205,141170770.834454
637,53073000501,7,13643.9200843683,5843385.08854725
638,53073000502,4,11197.0438479354,3838933.16302733
639,53031950500,1,196845.231811352,934559397.519669
640,53031950300,1,128089.271074423,640323258.242185
641,53031950400,2,81217.6603900006,283651709.136032
642,53031950202,1,206996.33959925,736323688.999287
643,53031950601,3,45494.562205011,75132171.9040002
644,53031950602,1,41320.1427397995,54964981.828349
645,53031950702,1,523412.537739535,9233338175.4076
646,53073000100,6,73723.8071046264,200641822.939739
647,53073000200,5,50513.7077442709,104979326.61944
648,53073000300,8,20318.9771524747,17793563.8005994
649,53073001100,3,55481.4629376846,166555707.927758
650,53073000400,3,18534.0571909123,11792688.9549928
651,53073000600,4,7811.62606255828,2805494.17527247
652,53073000700,8,13671.6421178236,7263649.72969556
653,53073001000,7,11396.5517660932,5700432.01465069
654,53073010401,3,72599.4383066005,196236690.251329
655,53073010100,4,512105.110573739,10006899581.3341
656,53073010501,3,96523.2077896081,364342542.178725
657,53073010600,3,49982.5024106277,116942319.431192
658,53073010900,1,119891.256596504,429527329.151207
659,53073940000,5,66966.3116743101,218454187.15508
660,53073010302,1,19881.3199773546,10156623.473091
661,53073010301,1,66359.0941088824,217575027.294723
662,53073011000,1,134494.239515733,807465720.248308
663,53073010200,3,133086.758835536,426637886.754017
664,53073010303,2,37255.4773783163,53172121.8527741
665,53073010502,5,41041.9743462131,46556808.3881462
666,53073000804,1,28122.1171426226,33069416.5209135
667,53073000806,2,87950.7006038297,253519725.206891
668,53073000805,1,44953.7744892049,63948959.6304605
669,53073000803,2,21974.7508409688,10626584.3946377
670,53073010702,2,79569.3108008085,137085675.651628
671,53073010701,2,61419.8463896293,201022194.450716
672,53073001202,5,79894.7318878241,201212066.542654
673,53073000902,2,30067.0302652207,39139758.8229497
674,53073010404,5,135379.164506161,429116177.026323
675,53073000901,5,14821.92801449,12142555.730525
676,53005010803,4,35875.1943314301,24712797.94186
677,53005011900,4,104923.073233386,348326581.462624
678,53005011402,3,15909.1462211102,15328643.1672705
679,53005011001,9,17739.5663715425,12098173.1090077
680,53005010902,8,12482.5926421788,5350994.00421488
681,53005011700,6,39747.1265049384,74822288.4659147
682,53005010901,9,18690.9487442261,16156228.8568329
683,53005011800,7,302937.005639216,1843099644.47794
684,53005011600,8,309920.38248015,3395308200.215
685,53005011300,9,22606.9346103486,14604407.9408976
686,53005010600,9,20536.3014915638,20097558.7868334
687,53005010500,9,9710.21841244816,5448699.63823215
688,53005011401,9,11226.6922677071,4789678.9565338
689,53005011501,9,71753.9278077353,145721893.412761
690,53005011200,10,11020.0574314051,5252931.3834859
691,53005012000,1,229537.756647191,2462391221.40647
692,53005010100,2,27523.3630565288,21947795.4341474
693,53005010202,5,20893.5489618778,10950909.8390905
694,53005010300,8,19561.0271909508,12867553.7965055
695,53005011100,9,18512.9995635398,10781674.6347441
696,53005010201,5,53358.8323349012,93565015.6903182
697,53005010400,8,9098.72378610619,3144209.47132478
698,53005011002,9,9921.68003376059,6184393.53151354
699,53005010708,5,22953.9731725254,18133204.3315313
700,53005010701,3,42222.933755795,78078684.6442398
701,53005010703,4,56984.8745748489,106341876.041451
702,53005010814,2,71386.0780691129,197829593.355802
703,53005010810,5,18028.0132107264,12295538.9279318
704,53005010811,1,29069.5977025465,48331200.4125615
705,53005010807,6,71687.1875558714,203478766.837194
706,53005010705,5,18245.8414827742,15586582.9683929
707,53005011504,3,28591.4951210326,27622394.3022285
708,53005011503,5,75897.8946223735,176302950.104828
709,53005010813,2,28399.6579720324,42841030.1096518
710,53005010809,5,13018.3692319725,7973608.45291753
711,53005010707,1,18832.7709047602,11677390.0828165
712,53005010805,3,31235.9423534378,27221668.7704001
713,53075000700,2,270808.261307207,1941472565.02089
714,53075000800,4,155647.327980245,759371985.280562
715,53075001000,3,448080.59155418,3869935518.55955
716,53075000200,5,70241.3422893583,232638877.909226
717,53075000300,2,98820.0111443382,344210424.588021
718,53075000400,5,75701.800773939,290953429.90853
719,53075000500,5,7875.52917162728,3131902.30820493
720,53075000600,5,58598.5541008226,179280378.747527
721,53075000100,7,7247.002862364,3117973.83265882
722,53075000900,5,397411.571149974,4452022735.275
723,53065950700,3,36535.7634461437,34755300.7540962
724,53065950800,1,300924.489631084,1690128932.00749
725,53065950900,1,281865.331325927,1636000193.49423
726,53065950200,5,289008.294920738,1218315662.00006
727,53065950300,5,16542.5276214853,10936679.4796825
728,53065950500,5,23599.2709009075,15925806.5027658
729,53065950600,2,282522.670154656,1690373278.54503
730,53065950100,2,442102.327031563,4172166888.81187
731,53065951300,3,241306.712374655,1084772560.83032
732,53065951400,3,150046.019833328,577592989.965503
733,53065941000,4,222356.445211782,1411263751.67465
734,53065951100,2,194736.459464398,1375273074.67641
735,53033022006,6,9658.33496119014,3109126.36884322
736,53033032320,4,25413.1526321946,21211194.1510654
737,53033031703,6,18116.7426612506,16960272.44422
738,53033031206,6,16079.7743047174,8108560.12808061
739,53033032102,2,58947.9166587012,173200731.158578
740,53033032210,5,47969.39204829,91752749.7521025
741,53033032211,2,13865.7270023111,6535472.14626412
742,53033032104,8,31837.4574552619,49237428.5661883
743,53033032313,6,24682.6543792769,29815837.1853105
744,53033032203,3,28001.1126718577,30448311.069195
745,53033032703,4,33361.5212116267,22995061.206222
746,53033032704,3,48104.8976288102,38544977.4596044
747,53033027300,10,11772.7913260182,7783994.174207
748,53033027200,10,14102.4430416554,7457399.50203513
749,53033027100,10,9813.37015919246,3431233.68087594
750,53033027000,10,8655.94984872095,4359349.1398933
751,53033026802,10,9772.01406909343,4496942.0369635
752,53033026801,10,10145.2714847567,3382706.18337716
753,53033026700,9,12426.5252837717,7672214.59653424
754,53033026600,7,7197.7593558034,2542156.51387528
755,53033000800,2,6976.10031616989,2519880.18263834
756,53033000700,9,7339.17142789757,2858279.60722793
757,53033000600,8,14361.1204304634,8473859.86620719
758,53033000500,1,13095.7745064426,8425415.44543971
759,53033000402,6,9694.78570156256,3971714.07033898
760,53033000401,8,7142.89742324496,3012353.60715137
761,53033000300,7,7820.91738777241,2673984.82985873
762,53033000200,8,10920.6893913372,7258305.43922876
763,53033000100,8,11113.8942223393,7502493.93083352
764,53033032500,1,144391.203338347,480636860.513249
765,53033031907,8,22242.0722679075,12104016.982303
766,53033031800,5,35333.5103371435,61477007.4271577
767,53033032002,4,43529.8886297105,60677104.4988642
768,53033032003,3,90773.4060891241,267406061.70797
769,53033031704,8,16786.274350433,12535583.4245208
770,53033032005,6,18742.7799480867,13992463.1103305
771,53033032006,5,20595.0299730062,16847425.343489
772,53033032207,1,19971.4903103172,12362388.4752163
773,53033021803,2,14387.7008441939,7255501.97576662
774,53033032602,4,39769.20333575,67589505.039125
775,53033032702,2,249304.536757086,1143710157.26461
776,53033032800,4,303297.133113376,3121225483.18109
777,53033026500,9,12433.1970021406,4371485.07008266
778,53033026400,10,20808.4661289395,11126751.4439935
779,53033026300,10,25916.411930537,11427293.1877071
780,53033026200,10,26191.7382206481,34475689.8121644
781,53033026100,10,16943.4972087117,9440100.29110541
782,53033026001,9,14802.6359494523,6016907.19495586
783,53033021500,5,13486.8212089925,8622312.40181063
784,53033021400,4,16713.4535322408,7509812.22530988
785,53033021300,7,12708.1552188322,6631846.56135782
786,53033001702,7,7912.79442962996,2824307.83022381
787,53033004302,7,3626.85543968305,728709.337643335
788,53033004301,5,7786.35243401822,2158338.57415012
789,53033007402,10,3191.83255878476,548320.584952177
790,53033010002,8,6347.08125763039,2082421.51711849
791,53033010001,10,11396.9453933598,5080459.23681521
792,53033011002,10,10356.4176937054,3675810.29969119
793,53033010402,9,9176.30315591246,3947067.44163329
794,53033010702,10,7024.10261353558,1721334.35656834
795,53033011402,10,7814.38735798439,2599417.16300248
796,53033022605,7,17452.1945297109,10426966.4846543
797,53033022902,3,18346.3501923936,11261788.1467099
798,53033024602,6,15632.6033335917,11921079.4155493
799,53033025803,9,7537.02611425365,2936307.47515653
800,53033031601,5,27412.8682742986,32827323.1164216
801,53033031603,2,66883.9848362507,125123504.807775
802,53033032103,6,22716.2728070717,8884632.17020001
803,53033025001,7,17633.0493548173,7806503.79342736
804,53033032401,1,66254.1944860755,126004588.115057
805,53033032402,2,42741.8057391782,56870318.9396688
806,53033031501,4,130838.879915366,355479058.281686
807,53033021100,9,9676.6487395159,5789237.54320867
808,53033021000,7,9771.7376129765,5800126.58408694
809,53033020900,5,15322.0561557814,11980352.4875147
810,53033020800,3,16527.6687927411,8413272.11276301
811,53033020700,7,8459.2282619871,3783656.26759396
812,53033020600,4,8804.56616406717,4366343.85140992
813,53033020500,6,10593.5722016432,6018793.80223241
814,53033011401,9,7888.74080797532,2703270.53285288
815,53033025302,10,25640.4268587377,14005605.5330664
816,53033025806,10,13051.4563570877,6743285.15956186
817,53033027701,3,54958.7291906484,117887593.939668
818,53033032326,5,30325.1725987633,23095034.4419132
819,53033032327,3,31109.3208257454,35833476.23829
820,53033023404,2,15691.6735967165,8043467.05659442
821,53033023403,4,16811.7464066879,11599372.6305534
822,53033023804,6,7780.67515644412,2685028.11312694
823,53033023201,5,8405.74679388976,3496854.74992586
824,53033023900,6,27288.8848470644,19489228.521842
825,53033032322,1,15288.3770263876,10214809.7957351
826,53033032321,5,26487.294734813,27976263.7534317
827,53033021804,5,11724.072638786,6785678.95162357
828,53033022101,2,17280.8875045775,11590228.9477388
829,53033025003,3,21286.9492791712,13939822.380152
830,53033022701,6,12189.8533643764,4673934.59911485
831,53033032008,3,11142.4104629147,5341466.91523154
832,53033032208,4,24357.8185677216,27048265.2300137
833,53033020402,7,11444.1259281984,6163358.1123333
834,53033020401,8,11422.2261847583,5117634.3681513
835,53033020300,7,9595.5483126637,5757580.99029097
836,53033020200,4,9968.58771004408,5734689.18079647
837,53033020100,2,9321.30545714604,5436647.33185632
838,53033012100,3,13633.6349717521,6835379.31681133
839,53033023803,5,5420.87809855099,1240507.25626389
840,53033025006,4,31594.1336624717,49085223.2553577
841,53033025005,7,18748.9223065926,16846949.6815773
842,53033025602,7,17166.2593619095,11387638.1597463
843,53033029206,10,31257.7599858141,38034855.4666169
844,53033029102,10,11284.4343279236,5629978.61665652
845,53033029101,10,17470.7066587224,7677433.04112563
846,53033030006,10,8419.41259957531,4673281.06822241
847,53033030314,9,9200.71114383698,5443263.93318229
848,53033030313,10,15156.7081679339,8698011.42483595
849,53033031605,2,30121.3712504744,36876371.8299637
850,53033024100,3,17422.8176210766,13408396.5571488
851,53033022703,4,12520.4929219647,9268801.68913976
852,53033024200,2,33041.1025168278,32650240.1596867
853,53033022203,7,13819.0418357777,8442158.05851073
854,53033024800,8,19121.1905592916,8290970.01212028
855,53033024902,7,12630.1478852194,4456081.93114338
856,53033024903,6,19702.5092115498,10889748.3877282
857,53033025102,4,17897.347092909,13645581.9278502
858,53033031903,4,27811.705208645,25682740.1245174
859,53033031904,4,32151.6047941874,41790838.319535
860,53033031906,6,25051.7706304605,24787156.7604222
861,53033031301,6,45873.0810141011,72216023.8161451
862,53033031100,9,19998.9092729173,16163603.9749707
863,53033031000,2,24848.0978316766,27693084.2836929
864,53033030902,9,14363.0972566696,8582659.11163378
865,53033030901,10,13441.6844244992,6778877.1392311
866,53033030802,9,8447.8955198051,2982012.70471383
867,53033030801,10,23716.7833482481,15225987.8085758
868,53033012000,5,7816.52270471085,3171163.54503892
869,53033011900,9,22552.6835989289,9847301.07731543
870,53033010900,10,17335.2055495291,11103437.9066551
871,53033010800,10,15656.4891504329,9705540.57987801
872,53033010600,5,14200.3963426928,7483642.79668528
873,53033010500,5,8645.98397166595,3769924.33774521
874,53033010300,8,8829.46946473994,3642890.94628359
875,53033031604,5,13501.8037438928,9053640.74194512
876,53033032011,3,12639.3783722397,7945878.74655817
877,53033031706,8,13272.0195236923,9101045.39910187
878,53033032215,4,31574.9035397719,35223401.2843279
879,53033032329,4,20744.9341840831,21320977.9634533
880,53033032328,4,23700.1789226302,18738480.8527447
881,53033001701,9,7773.67645393972,1969530.97592259
882,53033007401,7,3768.24379263646,570631.713489871
883,53033032317,2,14557.3677593364,9668152.81610437
884,53033032315,1,54361.0184091872,101018062.323266
885,53033032319,3,21741.5562535911,15069722.4744651
886,53033021906,5,15357.4322869982,8442876.41978358
887,53033021905,7,14528.9702801527,5930307.87817146
888,53033032307,4,26327.2020141224,26314939.6766743
889,53033032311,1,34921.3079258665,52123754.2296322
890,53033032324,7,11476.6678538499,4517091.90035082
891,53033022801,7,14228.5730461962,10712823.955968
892,53033030700,10,7899.91873263573,3397631.29480039
893,53033030600,9,16887.3286199961,7453937.5803714
894,53033030504,8,8528.69862585387,3408164.34265702
895,53033030503,10,13880.569087418,7239170.75141414
896,53033030501,9,22734.9104377752,24781385.2502476
897,53033030404,8,17747.7244353158,13469914.7996418
898,53033010200,7,13199.2331685627,9172219.53926362
899,53033010100,10,14723.6363557642,8878687.24147763
900,53033009900,9,21318.8896243963,19440188.7880631
901,53033009800,4,8878.40064296341,4239054.08825789
902,53033009702,3,12828.7995476522,4872348.04998563
903,53033009701,1,14859.6230508975,7616053.4782409
904,53033009600,4,11259.6906098551,7230461.86273447
905,53033010401,10,7800.75081254265,3547587.63406275
906,53033010701,9,9898.43590053789,3194377.58287359
907,53033011001,10,7489.94516593284,2348069.77066668
908,53033025301,9,21832.4175438664,12817732.4042933
909,53033025601,8,12131.1231527947,6333059.01631074
910,53033025805,10,10470.6380611534,5306932.78627469
911,53033022803,7,14230.6871905974,10507969.1385405
912,53033023202,7,8237.45320767501,3234745.15830856
913,53033031205,8,24667.9262331428,12823844.2954115
914,53033031502,1,329294.260740313,2244542438.84955
915,53033022005,7,10383.4283599083,5342113.33535265
916,53033021802,8,14127.656562638,10848243.6583427
917,53033021904,6,12962.5220672138,7518359.42701075
918,53033030403,8,14284.4039044154,8377802.76896549
919,53033030401,10,23682.6954599167,27130649.3809095
920,53033030312,10,9815.91714186366,4030854.0636211
921,53033030311,7,9446.55474271163,4139965.66079586
922,53033030310,8,11010.6111143894,6963696.06196722
923,53033009500,9,15644.11438704,12092263.6022163
924,53033009400,10,8707.07859399669,3785642.74279387
925,53033009300,9,21922.3226545423,22287811.9556877
926,53033009200,10,5915.11508526012,1066139.36088859
927,53033009100,10,4778.03469124117,920545.008062756
928,53033009000,9,6145.44371171105,1803862.14272718
929,53033008900,10,12151.9021711524,6409661.14974408
930,53033008800,6,5969.2516181991,2085577.68835734
931,53033029205,9,12642.7237764427,4162820.41313482
932,53033030005,10,9308.44642540631,4731605.61757692
933,53033031705,6,15464.2277990737,11017232.9421486
934,53033032010,4,20243.9886563044,10507686.227296
935,53033032213,2,13922.2460251232,9719482.39980923
936,53033032214,3,15848.1020077539,14789900.4539353
937,53033022300,5,21497.3535541927,19709146.645626
938,53033022400,6,21011.0742467277,18530330.2302991
939,53033022901,6,8711.02809983951,3266532.35718146
940,53033022606,7,10328.876291598,6136630.17449272
941,53033022702,4,10431.0882575493,5397532.36108434
942,53033023000,2,18995.5343664819,12747801.053198
943,53033030309,8,11289.7775587223,4828152.24806546
944,53033030308,10,9108.18039443026,4682763.13306012
945,53033030306,7,17813.4229596717,9364514.58628691
946,53033030305,6,15275.2828886275,10481408.8413842
947,53033008700,9,5167.69004189898,1610165.00091537
948,53033011800,10,12714.6946361328,10016375.8927481
949,53033011700,10,13558.6780835949,7683148.81462203
950,53033011600,7,15146.3303517532,8946228.87674772
951,53033011500,5,8979.60071478078,3372422.24567405
952,53033011300,10,11874.3889399753,7013812.77980292
953,53033011200,10,13826.1484664828,6561373.2137597
954,53033011102,9,13045.9661312562,6435199.55755318
955,53033032212,4,13005.6682383642,7496462.99160724
956,53033023100,5,19390.6342033013,11425113.1922804
957,53033023603,7,8607.85764226081,4460941.71999318
958,53033023300,6,12763.6710530388,8436976.64956818
959,53033023401,8,13270.1610311753,8216880.64466274
960,53033023500,4,9875.35235136501,4994742.19806203
961,53033030304,8,19410.1888788765,15979058.4754788
962,53033030202,10,11655.1002902495,7117388.69270993
963,53033030201,9,10256.4876350308,6245757.13587067
964,53033030100,9,20942.1483003326,17026318.1746148
965,53033030004,10,8445.91976141153,4437731.09104939
966,53033030003,10,19186.5342786745,12162203.2603497
967,53033011101,10,7026.5394114305,2522719.00567154
968,53033008600,8,5308.08340707278,1564000.35888748
969,53033008500,10,4494.0910443183,1042532.86246123
970,53033008400,6,4550.49283644548,841427.43372459
971,53033008300,9,4124.2903590288,522153.84466699
972,53033008200,9,4384.53811681393,806347.553053369
973,53033008100,9,7716.66960514929,2630933.25294314
974,53033008002,10,3624.24620817572,503710.288332048
975,53033008001,7,9158.94025000372,2286708.30185533
976,53033007900,9,5267.04790634044,1536094.79889425
977,53033007800,5,16119.8116164521,11713976.7475782
978,53033007700,6,6893.6688300204,2327906.9839727
979,53033023601,9,13285.5219479384,10120528.8355428
980,53033024601,3,21465.3749463798,14651211.0528571
981,53033023604,7,12654.0934962548,6462484.74239237
982,53033023700,3,19936.3542489667,16613351.2144994
983,53033029902,9,18456.9671536562,13705584.6260816
984,53033029901,9,12160.676546766,8843759.02953525
985,53033029802,9,18512.7028569331,15306224.6678154
986,53033029801,10,21214.0531002724,17572117.4048946
987,53033029700,10,26550.5880125388,24551947.1358684
988,53033029602,7,18539.6626999798,14602380.4905155
989,53033029601,9,13785.1560419035,8757862.58613388
990,53033029504,10,8208.21916167805,4105377.61964962
991,53033007600,10,4478.65536605079,1258044.4930956
992,53033007500,6,5980.24534711136,1763480.0247211
993,53033007300,10,6453.2456915091,2037008.24504044
994,53033007200,8,7480.9390039088,2222237.09355516
995,53033007100,8,7385.94496364887,1896511.71263244
996,53033007000,6,6052.92756043326,1773410.86085956
997,53033006900,4,7075.74623634902,1987158.36238716
998,53033006800,7,5098.73473373594,1580569.74848587
999,53033006700,3,8174.82831006103,3038332.36624348
1000,53033006600,6,9497.42188216846,4270355.09845065
1001,53033006500,7,8105.94305789295,2525449.64318231
1002,53033023801,7,14334.5159537191,8182846.26664043
1003,53033024000,6,18824.5781332924,10800946.5761828
1004,53033024701,8,13635.3500540114,6012018.02216197
1005,53033024901,5,13807.8663648509,6988194.17551482
1006,53033024702,9,19123.6609343233,15765778.6179665
1007,53033021700,7,18798.3351817093,12532015.9232814
1008,53033022001,6,14786.402065212,9713012.2390453
1009,53033029503,10,13440.8925834281,5149524.35749206
1010,53033029502,8,13242.4330184477,9471978.89735037
1011,53033029408,10,8797.55605138978,2700496.988692
1012,53033029407,10,8235.53709380614,2967227.84875605
1013,53033029406,8,9911.85576459695,5909941.87927044
1014,53033029405,9,9488.88358044725,5438279.9951259
1015,53033006400,7,5959.94831773642,1988394.6512192
1016,53033006300,1,16686.7159056278,12759675.0002318
1017,53033006200,1,15248.0292436923,6640269.3069765
1018,53033006100,6,10363.9415629631,4151853.61604178
1019,53033006000,5,8950.45683819242,3301466.28457509
1020,53033005801,4,9944.25287712769,4584604.11798302
1021,53033005700,3,22727.4018038992,16309638.2455888
1022,53033026002,10,16957.6449554273,6059859.04874007
1023,53033025804,10,12823.9560040094,5155223.53011632
1024,53033031909,5,12255.0681820392,4185734.71001574
1025,53033031908,8,9716.10703209596,3992789.8406796
1026,53033022102,5,16676.4214190939,10268008.89204
1027,53033022500,2,17558.3477284358,8738259.28190151
1028,53033029403,10,9382.31418374641,5254158.81873884
1029,53033029307,8,11862.6052437433,8450697.9185494
1030,53033029306,9,9454.29611917235,5579896.88864599
1031,53033028902,10,10867.7489926494,4498410.47732923
1032,53033028901,9,12569.0892668627,5914932.76091865
1033,53033028802,10,12947.3849704992,6182477.77114418
1034,53033028801,9,14816.704749356,11360193.3774346
1035,53033005600,3,15679.6948194667,10171069.337889
1036,53033005400,5,9441.06256767719,4065956.00659661
1037,53033005302,7,11208.7721696495,7173367.82907439
1038,53033005301,9,5126.7022999912,1197380.51805966
1039,53033005200,9,6958.13170721047,2313783.90020083
1040,53033005100,3,6094.22558640078,1942336.10467085
1041,53033005000,2,5230.56538073194,1668597.65132241
1042,53033004900,7,7485.42798099748,2447610.21091448
1043,53033004800,4,8578.41808771902,2996452.78950872
1044,53033004700,4,9449.97395207949,5076926.89692763
1045,53033022603,7,11904.080722454,6418039.02986067
1046,53033022604,4,10981.1325700535,6514298.15456926
1047,53033024300,5,25072.2289914445,29740186.4670541
1048,53033024400,3,11242.294816876,5026816.27136722
1049,53033024500,5,19725.1909757267,13199720.6547742
1050,53033028700,7,10480.7332275639,5840727.26009399
1051,53033028600,6,24661.862914981,18247900.0766761
1052,53033028500,9,15408.2880466821,7669492.20749893
1053,53033028403,9,8694.38616603213,4629835.17212766
1054,53033028402,10,20225.8494453825,18193296.1867545
1055,53033028300,10,28335.5265003573,18257785.6941411
1056,53033004600,5,11547.4579825517,5699192.76725552
1057,53033004500,3,4985.35367673941,1478717.43897171
1058,53033004400,6,6028.23759426369,2181652.43027179
1059,53033004200,2,10825.4659757774,5430405.49780837
1060,53033004100,2,19379.7633323281,19656198.8637045
1061,53033004000,3,18958.5910974562,14305292.3990507
1062,53033003900,1,5972.72796103948,2146922.62582866
1063,53033003800,2,4703.65262133499,1377049.04825795
1064,53033025701,9,14078.5697577269,8269702.21108779
1065,53033022802,8,10197.6804584651,5855251.43023456
1066,53033032309,6,20093.6626933163,13592672.8734597
1067,53033032325,7,12085.8755816639,4880104.17137346
1068,53033028200,10,10669.0751358543,5879061.46857099
1069,53033028100,9,8521.12288169766,3560111.64334722
1070,53033028000,10,9114.23707187422,4580187.36915613
1071,53033027900,8,12174.4444047352,7678996.51284951
1072,53033027800,2,14503.0519811966,8026610.8313711
1073,53033027702,2,60089.8849882243,163296972.211572
1074,53033005900,5,9877.9307502889,4360194.1320291
1075,53033005802,7,18351.3380439448,9350082.22289489
1076,53033003600,7,8027.67911190996,2637564.58604672
1077,53033003500,5,7530.53495338511,2831730.75258004
1078,53033003400,6,5717.32984279187,1735054.78908994
1079,53033003300,4,7296.10188135556,2857691.54721542
1080,53033003200,2,13183.789509179,7692522.98437787
1081,53033003100,2,12438.763362158,5950724.36596387
1082,53033025400,10,9650.85310294209,5037109.41323888
1083,53033025500,9,8080.67385794119,3338040.00107119
1084,53033025702,8,14809.968898266,6238450.39054584
1085,53033032316,4,24153.9004596598,19546006.256667
1086,53033032318,2,21283.9549558775,16186325.0771863
1087,53033031202,5,68950.8953569996,146276847.332699
1088,53033031204,7,45420.3903935728,81467342.5756817
1089,53033031302,3,25062.6694641248,23759725.0347736
1090,53033032601,1,72825.0129699325,137141323.768168
1091,53033027600,8,17458.9756305927,9088442.90922843
1092,53033029305,8,10324.3007531616,6330534.53577365
1093,53033029304,10,12169.8954226476,9093622.41022517
1094,53033029303,9,11958.2575289752,7884898.57900446
1095,53033029204,10,14123.0844745531,9240202.9607477
1096,53033003000,4,7270.24994073071,3292838.48003089
1097,53033002900,3,6051.95620195698,2174728.43725096
1098,53033002800,4,5971.13204877648,2168517.75698412
1099,53033002700,4,10921.774668817,3514739.06023393
1100,53033002600,6,7216.59434342735,2744780.22067293
1101,53033002500,4,7446.51839061191,2170500.34868883
1102,53033002400,3,6267.15619359236,2156992.78304915
1103,53033002200,5,21130.4799841712,9389897.6202601
1104,53033002100,5,7307.03442951599,3012223.87372687
1105,53033002000,7,7024.22943894116,2497151.4509776
1106,53033031400,7,17143.2356088312,13814505.3359662
1107,53033032007,7,31774.927144658,25379383.0433451
1108,53033025101,7,11382.470083113,6430154.23916357
1109,53033025200,9,19773.4443266334,9954526.08336823
1110,53033022003,6,9323.14116246374,5120550.00782452
1111,53033022201,4,10366.5466263355,5058558.38257338
1112,53033029203,10,12817.3700304115,4382688.48547058
1113,53033029004,10,14038.1307327201,3978911.61713093
1114,53033029003,10,14915.0396421254,5612993.53184962
1115,53033029001,7,12213.4444101262,7822546.47549357
1116,53033027500,9,9295.38176567869,4878588.29358154
1117,53033027400,10,11276.2651303223,7276997.52452983
1118,53033001900,8,9563.87048576179,3669308.32706746
1119,53033001800,6,6381.5794565527,2080096.54157424
1120,53033001600,3,11991.2124819389,5513323.43914617
1121,53033001500,1,8149.48763630454,3461375.97860304
1122,53033001400,3,15842.8664827829,5183580.31496557
1123,53033001300,9,6807.00865544963,2612586.90809296
1124,53033001200,9,9438.79642983111,4047742.2047599
1125,53033001100,7,6484.94693200803,2340295.47531021
1126,53033001000,5,6026.38305166081,2106430.9430731
1127,53033000900,4,12839.7567759438,7785905.37416675
1128,53033022202,7,13196.613980621,5771806.46529273
1129,53033032323,4,12069.3216372741,7262713.69911543
1130,53033021600,3,12186.5378109582,6634370.89751272
1131,53033021903,8,14051.7535104258,6942828.173201
1132,53023970300,3,356211.316851405,3914723807.40715
1133,53071920000,9,384326.86212718,3586987368.75227
1134,53071920100,2,346844.75204794,3064463995.8623
1135,53071920200,5,109744.060502859,146684057.784039
1136,53071920300,4,15558.5238758163,11480348.5932752
1137,53071920400,4,9374.63386014802,4813186.90062529
1138,53071920500,8,20107.2713157863,7844270.77031201
1139,53071920600,8,17213.6921758498,13925182.4228659
1140,53071920900,2,63720.3047575423,170868978.554623
1141,53071920702,4,16805.2599772907,7371409.31861322
1142,53071920801,2,14192.7552189233,7782619.99586104
1143,53071920701,5,9789.93587001311,3848496.79441794
1144,53071920802,8,9025.95855187607,2709824.74567117
1145,53001950200,6,434860.215075361,5639228437.31596
1146,53001950300,7,202515.549287984,1553576603.70504
1147,53001950400,4,11290.8404116654,7253409.39330809
1148,53001950500,7,23037.4803381085,26431068.7826391
1149,53001950100,4,318758.609206258,3508330957.63123
1150,53029971400,1,39037.939997098,78650797.2876209
1151,53029971500,1,54729.1085478781,91182734.0216942
1152,53029971600,1,43505.1050365996,56768853.6315949
1153,53061041304,6,24674.5792746456,25098046.8995736
1154,53061041704,6,17274.9448019811,8982056.8108726
1155,53061051927,3,17293.1825835645,10224051.4437963
1156,53061041703,8,14159.856489386,8737987.50425643
1157,53053063300,10,11386.4545664413,7302846.77583748
1158,53029971700,1,66178.1683682616,103712338.315547
1159,53029971000,1,63524.9871079865,111241289.384244
1160,53029971100,1,62831.4378282825,144614818.479725
1161,53029971300,1,72284.0837334539,184603527.832242
1162,53029970100,1,42160.5798531326,78455929.1486984
1163,53029970200,2,46746.6546058626,49195834.4141885
1164,53029970300,2,68270.6335911464,138838214.066105
1165,53029970400,2,34133.3918997463,33159502.6273784
1166,53029970500,1,43339.863733319,65811174.7049716
1167,53029970700,2,12858.2770593945,5662259.77280682
1168,53029970800,1,10581.9366450291,3538238.5649224
1169,53061041606,7,9411.07457681034,5713609.46894825
1170,53061040900,6,15716.0624219398,9749089.2286943
1171,53061041608,4,15927.131945378,8375585.18948663
1172,53061041601,7,13138.9975209033,10412975.0649309
1173,53061041806,10,11674.3220769535,6433930.96760518
1174,53061041905,7,10124.602903606,4951641.5536584
1175,53029970900,2,43836.2421759736,40267957.9260618
1176,53029971800,1,43441.34259656,77704389.838095
1177,53029971900,1,60313.0380490205,146390346.464979
1178,53029972000,1,71644.1750152744,135960434.065204
1179,53029972100,1,56549.336411109,111210730.645047
1180,53029970601,1,8812.43445557819,3675333.09491063
1181,53029970602,3,8696.67714805231,4464349.06430847
1182,53029992201,1,639021.51425184,1344568847.77897
1183,53027000800,2,70080.497021694,194587217.731752
1184,53027000900,8,48309.3518470884,58241459.9397781
1185,53027001000,8,20239.5709002914,14690561.3177015
1186,53027001100,2,17724.6088176813,12636854.7965964
1187,53027001300,5,71517.042127903,100702315.791419
1188,53027001400,2,56627.8204518157,64470583.5442102
1189,53027001500,2,76502.5435353778,179134902.947607
1190,53027001200,7,17191.7668279079,10531084.438359
1191,53027000500,4,96734.0113438375,294436906.781344
1192,53027000300,2,440724.581491345,3195363596.07635
1193,53027000600,3,71412.2865653654,214497999.15455
1194,53027000700,5,266906.891090276,2108251328.82221
1195,53027000200,2,177540.23614595,902189326.61874
1196,53027001600,2,136389.373037913,803258515.919194
1197,53027000400,2,273626.002202138,1426268002.04616
1198,53027940000,1,213087.365675491,1801898313.90129
1199,53061041904,10,9112.32126435631,3181191.9363681
1200,53061041701,7,14168.6647229077,7361835.22267595
1201,53055960500,1,114178.969627321,556301650.764029
1202,53055960100,1,181548.102662992,606912383.192163
1203,53055990100,1,588887.597542953,1884563707.17165
1204,53055960400,1,40381.1380439764,60838641.3932524
1205,53055960300,1,156982.921702622,561195814.638821
1206,53059950200,4,153668.964060214,716016293.835823
1207,53059950100,1,467160.879290678,7480490233.24089
1208,53059950300,3,81624.070297368,168593971.687327
1209,53059950400,3,133664.209151466,484935308.391669
1210,53059950500,1,104605.160115406,193027168.686681
1211,53061041811,6,12627.7139895663,7487194.71928773
1212,53061052706,7,18142.7999684705,11128845.9382106
1213,53061052707,5,19052.8391392337,11811470.7916313
1214,53061051804,6,11364.9960430973,5228291.63419835
1215,53061051803,9,8023.98760117361,3546834.81615858
1216,53061041812,7,12093.1902579692,4152405.61736305
1217,53061053602,1,218626.780137141,1209996631.37433
1218,53061040700,9,15869.0095793242,6534232.2494495
1219,53061041903,8,12717.8915695163,7588113.56989726
1220,53061052206,1,51775.448760066,116164899.132184
1221,53061041301,2,18705.0573149123,13978891.8887763
1222,53061053505,2,74248.4848236702,112891428.955864
1223,53061053700,5,374834.577750809,3807678587.72439
1224,53061042001,3,15296.1677589747,13232251.8134648
1225,53061042003,3,12056.047248703,7407572.46006315
1226,53061050200,3,20288.9809677062,12871791.7843762
1227,53061050500,1,14367.8387919888,8903338.84040119
1228,53061050600,1,13634.6478062561,9314467.75264058
1229,53061050700,3,11890.926259887,6850775.01599467
1230,53061051000,5,14102.178238477,8016588.97687226
1231,53061041400,8,16663.2645930779,7329071.70569359
1232,53061041607,2,11700.9024615649,6482056.67095915
1233,53061041000,8,12704.0566005884,6845983.03806571
1234,53061051913,6,15568.850222655,8772960.90305857
1235,53061051100,7,9469.57497757769,4552427.94176576
1236,53061051300,4,14328.1432573923,6504783.59910103
1237,53061051400,8,16055.5816828407,8935703.27084505
1238,53061051500,6,13720.8528466775,7281593.92745154
1239,53061051701,9,11880.2180625698,5524557.05840526
1240,53061051601,5,11601.400786072,5435519.25159557
1241,53061052603,4,25984.1791760998,18372425.0182598
1242,53061052203,3,34379.6462040118,36062901.621013
1243,53061051905,5,16271.0243544256,11710191.2039408
1244,53061051916,2,15463.1373343068,6175051.47051918
1245,53061052007,2,10562.7052695491,4867679.81839076
1246,53061051917,1,10669.5575375696,6540913.93983784
1247,53061052005,4,13594.0943831551,7965064.7010915
1248,53061050300,1,16107.6643040061,10219429.8575686
1249,53061050401,3,12987.6958701494,7391599.00237914
1250,53061050402,6,11882.543603985,6308149.82597833
1251,53061050800,4,12132.02930188,7077417.79844125
1252,53061051914,5,11121.6889040912,7661327.49791387
1253,53061052604,5,18436.2039610104,12962194.3653628
1254,53061052607,1,28001.6035005114,22640390.5878582
1255,53061052903,8,13401.3068065056,7534160.59897524
1256,53061053302,3,86078.8439685022,201755252.657307
1257,53061053301,1,44235.7874292589,63162358.3081603
1258,53061053201,1,66827.3652916832,119231191.237714
1259,53061050900,6,11222.5708262916,3598743.51422624
1260,53061042004,8,10586.111770149,5632285.434913
1261,53061051702,8,10370.6447172817,4805465.9825778
1262,53061051915,6,15671.2169550939,9180462.10955691
1263,53061051802,6,16997.0505853884,11098998.8336413
1264,53061052004,5,14182.2477190167,7386188.73053992
1265,53061051200,6,9307.21672447395,4651171.26901315
1266,53061042005,5,20656.9386050682,15988811.4398956
1267,53061052006,5,10003.0955064263,4289774.51875317
1268,53061040200,10,12529.7576074719,6680974.27248148
1269,53061040100,8,19604.6225229801,19894778.5801642
1270,53061040300,8,6800.65302145404,2341318.07015616
1271,53061040800,10,13439.6473262436,6613164.74537387
1272,53061040400,8,13776.2299476454,5417243.79589196
1273,53061041202,9,12079.2861728553,5978017.53674266
1274,53061041201,8,8103.80017646602,3309155.73219749
1275,53061041100,9,12174.0460787726,6071406.40701365
1276,53061041500,8,19415.5756605891,12608328.69581
1277,53061041805,8,12678.4304526697,7409141.6428515
1278,53061051602,7,9771.86920521733,4549503.36889672
1279,53061042006,6,9921.20526355095,5937920.00311471
1280,53061052606,2,30238.4018128032,31597436.906121
1281,53061052605,3,16858.2921394547,10996599.0590765
1282,53061051912,5,24979.8698965309,30202851.680469
1283,53061052401,3,15301.9463384269,9233739.5246877
1284,53061052107,7,24034.8415749981,27633039.3929119
1285,53061052108,2,37431.877419285,51888450.0847165
1286,53061052904,8,16914.0503446377,7948867.4016839
1287,53025010100,2,320310.423057799,3278087239.63282
1288,53025010300,4,109891.634586461,339276058.702619
1289,53025010400,5,80941.1695922915,179322388.705265
1290,53025011200,3,195272.131052032,1249353473.39661
1291,53025010700,6,291253.511316836,1995025630.54784
1292,53025010200,5,271429.919856897,2400516953.02751
1293,53025010800,9,42715.201020242,82928334.4887776
1294,53025011000,7,92508.6698665304,217920117.634826
1295,53025011100,7,32049.1713626732,30072088.6762194
1296,53025010500,4,268541.33054024,1565311615.81304
1297,53025010600,4,17852.0515637124,18270435.4607659
1298,53025011300,5,124640.100209862,623260564.194213
1299,53025010902,8,30547.0285313918,48374168.1513389
1300,53025010901,7,21295.4730772367,24487302.7570803
1301,53025011402,4,290038.574266841,3015404210.8406
1302,53025011401,2,152444.05850496,589138461.359832
1303,53061041605,8,9659.29998578755,5495690.21513691
1304,53061052207,2,65844.0992404516,149499358.722534
1305,53061052204,3,23104.9729829672,21749867.2061404
1306,53061053802,2,36968.677590955,50011254.6570456
1307,53061041901,9,21583.4912595103,19671499.4459145
1308,53061052104,7,85783.2146821385,112204014.365125
1309,53061052105,1,57773.8693168577,121306827.068782
1310,53061052301,3,43115.2341358302,89144519.3621282
1311,53061052302,3,38961.3180287504,76097387.4706637
1312,53061052504,4,19286.6467747956,17572340.8866278
1313,53061052503,2,15068.8857886617,11144016.1664503
1314,53061052705,4,29640.8786930991,35985295.0376644
1315,53061052502,3,28962.4982663635,32125698.5436592
1316,53061053102,4,35882.6558658038,56569827.9417243
1317,53061053101,4,38200.7068910284,61583016.1800056
1318,53061053202,1,32982.6261188896,59798360.8156562
1319,53061053400,3,100260.614537065,293361444.839966
1320,53061053504,4,29694.1654153731,26909614.5945459
1321,53061052701,2,31640.8158052945,45864993.9062118
1322,53061052806,4,10718.5929719623,7093082.98794832
1323,53061052803,5,24949.2868886659,31764712.2881675
1324,53061052804,5,17799.1313475632,15663694.1448036
1325,53061940001,7,55623.5504703448,130169776.170711
1326,53061940002,5,46522.1207515829,98215341.7425141
1327,53061053506,1,158911.169895644,583989770.199772
1328,53061053801,4,349443.237633045,2539214545.32943
1329,53061053803,2,130173.120123086,615053885.042588
1330,53061050102,5,8601.12950850277,4008801.272826
1331,53061050101,2,12181.1942594812,6131633.43292481
1332,53061051918,6,13198.9340656892,9959624.50299265
1333,53061052112,2,29923.9208768464,32702735.1166404
1334,53061052113,1,37405.1654602914,49607010.7155873
1335,53061052402,2,11587.7193900219,5493762.16250304
1336,53061052805,7,17002.1729906877,10050460.6624313
1337,53061041808,8,8637.77307907401,3762041.61194874
1338,53063002100,9,8178.62234113767,2696601.51064321
1339,53063002300,9,13703.9448661205,6046703.74813166
1340,53063002400,10,10531.4403423088,4772352.86704287
1341,53063002500,10,12159.8183996946,7207962.32146413
1342,53063002600,10,9287.31063897805,4582949.35488622
1343,53063002900,9,7900.14515084885,3535605.83265645
1344,53063003000,10,8551.52928816439,3143462.04673989
1345,53063003100,10,11056.9607150367,4987317.09884329
1346,53063003200,10,7820.21993562176,2734652.40550393
1347,53063003500,10,8877.95936681551,3824677.23038788
1348,53063003600,9,23366.8278386483,10525112.097678
1349,53063004000,10,7883.75805042965,3417121.52455155
1350,53063004100,4,7478.55350384242,2450926.73812432
1351,53063004200,3,11348.574588916,5835306.7125649
1352,53063004300,5,9631.53138213647,5071625.97524212
1353,53063004400,7,9254.07425548672,4483643.11325116
1354,53063004500,6,10645.9527863942,5776007.74397943
1355,53063004601,9,12150.6143103622,5470509.20602079
1356,53063004700,6,13234.5225813909,7101107.76536411
1357,53069950100,5,183879.11058057,1557358359.25652
1358,53063011000,7,10461.0726703205,4339708.55514705
1359,53063011102,8,9914.17835589976,5274134.32238592
1360,53063012901,10,10232.6829389181,6091103.05198447
1361,53063012902,6,14444.7409014488,11584637.0307948
1362,53063014200,5,177496.637633871,1429512451.40903
1363,53063013300,7,136888.14272712,447439081.751478
1364,53063010304,4,110084.64979552,421125161.114334
1365,53063010305,4,76451.8582775052,142125032.338684
1366,53063011702,10,22971.8361155488,16326274.244727
1367,53063010401,6,32624.6829413975,62037732.8332304
1368,53063010402,5,159886.316276046,1005059016.56534
1369,53063011701,9,14800.7693960043,5860937.81967511
1370,53063014400,10,18534.8757891307,14003626.9667069
1371,53063014500,10,23302.5599696607,17652381.6661953
1372,53063010503,2,77406.1760681917,165102234.094701
1373,53063004602,8,7625.88122990969,3616998.03375651
1374,53063010202,4,108693.631732671,407895704.403857
1375,53063010301,3,34007.5092659512,48273356.4004604
1376,53063010504,3,20513.4244269533,20759818.9324229
1377,53063010303,3,82389.7408384382,237814375.793328
1378,53063004800,3,10278.6759478839,5917701.12752974
1379,53063013201,9,38362.1570933363,61229098.97353
1380,53063013202,4,58651.6156347184,132921448.622099
1381,53063013500,3,127525.126081675,330705449.681515
1382,53063003900,8,29264.9753144859,19862129.096126
1383,53063013800,2,34178.939579685,37203673.1396099
1384,53063013900,3,68412.8647015339,98958406.927532
1385,53063014002,4,59569.2527017247,57321466.3642403
1386,53063014100,6,210292.406942286,619186915.208636
1387,53063014001,4,11609.573800619,6132897.95456968
1388,53063010100,6,175188.643781032,887524068.208537
1389,53063014300,6,186997.382456465,1877465913.56375
1390,53063004900,6,17676.4504844026,8736901.42803641
1391,53063000900,6,13164.1008971193,9471968.33553711
1392,53063001000,3,18093.1306594215,8814522.39526435
1393,53063003800,9,12804.3534243734,7301529.99209411
1394,53063010602,6,21474.8115384022,18174674.8553872
1395,53063011101,9,8317.10328043478,4217049.1076919
1396,53063010700,5,28251.5868093643,26879696.6686287
1397,53063011201,10,29779.8136773656,33070404.5849332
1398,53063011202,4,54819.1707730303,73363020.3092024
1399,53063011300,8,37092.3517656562,41802759.9060883
1400,53063011400,10,41592.4314004033,52642648.5837939
1401,53063011500,10,7708.72942655806,2469141.91261532
1402,53063012200,10,21734.8606041628,23125667.0955615
1403,53063012300,10,18596.0960565457,13483748.6931102
1404,53063012402,4,40030.3160212499,69263724.0665906
1405,53063012401,5,28350.8295114213,33783553.8725957
1406,53063013000,9,23007.2984232313,23962210.5119281
1407,53063013100,9,49960.7296716611,53612373.2097308
1408,53063013401,6,33168.874015907,44175865.1932183
1409,53063010201,1,115276.037239803,464797527.127174
1410,53063005000,5,28492.3801418777,23428179.5228307
1411,53063013600,5,45402.4898239752,70130202.418555
1412,53063013700,7,74034.0839486858,157564059.718133
1413,53063010800,9,6683.55357974854,2740180.06002746
1414,53063010900,6,24287.8713946508,10845021.8080459
1415,53063012000,9,10503.8867471995,6988365.26045797
1416,53063012100,9,9460.84804085627,5588812.96280649
1417,53063012500,9,8582.10539465848,4472983.38342722
1418,53063012802,5,9899.08583838571,4916338.71887083
1419,53063010501,4,27773.4787360202,20585682.598066
1420,53063011600,8,10243.5834809281,4197084.25071813
1421,53063011800,9,10443.7385358902,6281096.63517469
1422,53063011900,10,10592.1522136036,6788374.38143664
1423,53063012600,8,9638.78069145205,5781691.63940069
1424,53063012701,9,9635.36541728711,5847497.36674392
1425,53013960200,2,351348.6894917,4737984236.34219
1426,53047970800,5,209342.527839114,1232082346.43923
1427,53047970500,4,317388.028533379,2373039410.71247
1428,53047970900,2,554847.066484738,8780266583.12424
1429,53047971000,3,428548.422340261,3559398301.83735
1430,53047970700,6,100618.942740984,199503575.573745
1431,53047970600,4,48159.3076274494,93022813.1515927
1432,53047970300,2,538915.060731851,7643181347.6494
1433,53047970400,3,227173.037441421,1352938730.48628
1434,53047940100,2,267360.437824145,2121864017.30103
1435,53047940200,6,324766.380094432,4032527579.13095
1436,53063012702,5,8454.12202702072,3163771.50200654
1437,53063012801,8,10165.712054132,5517020.04831393
1438,53063000200,10,8530.91915348177,4152110.14273006
1439,53063000300,9,8415.61507046565,4349516.19862995
1440,53063000400,9,8321.44785527443,4240383.63665026
1441,53063000500,6,8010.23697179121,3851728.53199417
1442,53063000600,8,7242.16721050094,2869052.07109848
1443,53063000700,7,8774.59351480021,4756010.68954193
1444,53063000800,4,15300.6185493951,7885535.86175668
1445,53063010601,2,35302.8828137032,17924669.5401108
1446,53063001100,3,9580.13568856313,5074683.58402467
1447,53063001200,7,6220.24278921963,2207028.72822827
1448,53063001300,8,7879.48765247388,3479714.31782716
1449,53063001400,10,10177.933587856,5773105.3622961
1450,53063001500,10,10218.1542259587,5051329.40938418
1451,53063001600,10,8903.36819021328,4641448.60935009
1452,53063001800,10,9997.23537462033,3679423.27029825
1453,53063001900,7,7678.75916602377,3713476.99516391
1454,53063002000,10,9876.48427317033,3929088.29890215
1455,,1,168346.984869909,553873498.865116
1456,,1,292962.620173193,524891632.531174
1457,,1,188291.373745716,393305274.241555
1458,,1,289087.96697048,1066852280.24592
